id,data,realizado,tipo,papel,modalidade,municipio,area_mapeada,carga_horaria,publico,publico_externo,parceiros
2022-07-09-mapatona-angra,2022-07-09,true,mapatona,organizacao,remota,Rio Paranaíba,"Angra dos Reis (RJ), com prioridade para o bairro Monsuaba",4,10,0,
2022-07-19-oficina-importacao-dados-osm-postgis,2022-07-19,true,oficina,organizacao,remota,Rio Paranaíba,,2,15,10,
2022-10-15-mapatona-noroeste-de-rio-paranaiba,2022-10-15,true,mapatona,organizacao,hibrida,Rio Paranaíba,Noroeste de Rio Paranaíba,,,,
2023-08-09-mapatona-quississana-aniversario-osm,2023-08-09,true,mapatona,organizacao,hibrida,Quississana,Quississana,,,,
2023-08-25-youthmappers-mapeamento-colaborativo-e-humanitario,2023-08-25,true,palestra,organizacao,hibrida,Rio Paranaíba,,2,10,0,
2023-09-13-capacitacao-em-mapeamento-colaborativo-conceitos,2023-09-13,true,oficina,organizacao,remota,Rio Paranaíba,,4,,,
2023-09-28-configuracao-e-uso-do-software-josm-no-mapeamento,2023-09-28,true,oficina,organizacao,,,,,,,
2023-09-28-mapatona-regiao-sul-atingida-pelas-enchentes,2023-09-28,true,mapatona,organizacao,hibrida,Rio Paranaíba,Região Sul atingida pelas enchentes,4,,,
2023-10-19-mapeamento-de-limites-administrativos-no-openstreetmap,2023-10-19,true,oficina,organizacao,,,,,,,
2024-04-23-capacitacao-em-mapeamento-colaborativo-aula-01,2024-04-23,true,oficina,organizacao,,,,,,,
2024-04-30-capacitacao-em-mapeamento-colaborativo-aula-02,2024-04-30,true,oficina,organizacao,,,,,,,
2024-05-07-capacitacao-em-mapeamento-colaborativo-aula-03,2024-05-07,true,oficina,organizacao,,,,,,,
2024-05-14-capacitacao-em-mapeamento-colaborativo-mapatona,2024-05-14,true,mapatona,organizacao,,,,,,,
2024-05-21-capacitacao-editor-id-esalq,2024-05-21,true,oficina,organizacao,,,,,,,
2024-08-09-mapatona-tres-coroas-rs-aniversario-osm,2024-08-09,true,mapatona,organizacao,,,Três Coroas - RS,,,,
2024-10-17-introducao-ao-mapeamento-colaborativo-e-mapatona-semear,2024-10-17,true,oficina,organizacao,,,,,,,
2024-10-25-plugin-buildings-tools,2024-10-25,true,oficina,organizacao,,,,,,,
2024-11-01-mapatona-zona-urbana-de-rio-paranaiba,2024-11-01,true,mapatona,organizacao,,,Zona Urbana de Rio Paranaíba,,,,
2024-11-14-mapatona-zona-urbana-de-rio-paranaiba-parte-2,2024-11-14,true,mapatona,organizacao,,,Zona Urbana de Rio Paranaíba,,,,
2024-11-23-mostra-de-profissoes,2024-11-23,true,evento,organizacao,,,,,,,
2025-03-18-mostra-de-projetos-de-extensao,2025-03-18,true,evento,organizacao,,,,,,,
2025-03-28-mapatona-open-data-day-areas-da-cop30-em-belem,2025-03-28,true,mapatona,organizacao,,,Áreas da COP30 em Belém,,,,
2025-06-02-capacitacao-em-mapeamento-colaborativo-conceitos,2025-06-02,true,oficina,organizacao,,,,,,,
2025-06-09-capacitacao-em-mapeamento-colaborativo-editor-id,2025-06-09,true,oficina,organizacao,,,,,,,
2025-06-16-capacitacao-em-mapeamento-colaborativo-editor-josm,2025-06-16,true,oficina,organizacao,,,,,,,
2025-06-23-capacitacao-em-mapeamento-colaborativo-mapatona,2025-06-23,true,mapatona,organizacao,,,,,,,
2025-09-18-mapeamento-colaborativo-com-aplicativos-moveis,2025-09-18,true,oficina,organizacao,,,,,,,
2025-09-24-introducao-ao-mapeamento-colaborativo,2025-09-24,true,palestra,organizacao,,,,,,,
2025-09-25-mapeamento-colaborativo-com-editor-josm,2025-09-25,true,oficina,organizacao,,,,,,,
2025-10-09-mapatona-youthmappers-estradas-rurais-de-rio-paranaiba,2025-10-09,true,mapatona,organizacao,,,Estradas Rurais de Rio Paranaíba - Região Sudeste,,,,
2025-11-06-tradutona-mapcomplete,2025-11-06,true,evento,organizacao,,,,,,,
2026-11-12-sotm-brasil-2026,2026-11-12,false,conferencia,organizacao,presencial,Uberlândia,,,,,
