mes,parcial,edicoes,edificacoes,edificacoes_criados,edificacoes_modificados,edificacoes_removidos,pois,pois_criados,pois_modificados,pois_removidos,vias_km,vias_km_criados,vias_km_modificados,vias_km_removidos,cursos_agua_km,cursos_agua_km_criados,cursos_agua_km_modificados,cursos_agua_km_removidos
2022-06,false,2269,932,991,365,59,-4,1,5,5,2.205,1.693,180,1.094,0.005,0,4,0
2022-07,false,3458,1637,1699,539,62,5,5,12,0,15.22,13.412,246,0.328,0.155,0.17,6,0
2022-08,false,2486,834,1147,301,313,6,6,0,0,59.983,316.94,114,262.354,0,0,0,0
2022-09,false,44,1,1,5,0,0,0,0,0,0.164,0.176,11,0,0,0,0,0
2022-10,false,227,100,104,3,4,0,0,0,0,95.78,94.453,55,0,0,0,0,0
2022-11,false,131,72,72,58,0,0,0,0,0,0,0,0,0,0,0,0,0
2022-12,false,0,0,0,0,0,0,0,0,0,0,0,0,0,0,0,0,0
2023-01,false,0,0,0,0,0,0,0,0,0,0,0,0,0,0,0,0,0
2023-02,false,90,59,59,6,0,0,0,0,0,0.527,0.722,20,0.532,0,0,0,0
2023-03,false,0,0,0,0,0,0,0,0,0,0,0,0,0,0,0,0,0
2023-04,false,0,0,0,0,0,0,0,0,0,0,0,0,0,0,0,0,0
2023-05,false,242,230,230,1,0,0,0,0,0,0.001,0.052,10,0,0,0,0,0
2023-06,false,99,63,70,21,7,0,0,0,0,0,0,0,0,0,0,0,0
2023-07,false,1,0,0,0,0,0,0,0,0,-0.523,0,0,0.523,0,0,0,0
2023-08,false,2070,1479,1580,335,101,1,1,1,0,0.801,0.806,3,0,0,0,0,0
2023-09,false,1258,595,613,51,18,13,13,1,0,128.822,128.309,140,0.48,0.238,9.322,1,0
2023-10,false,201,0,2,12,2,0,0,5,0,0.307,8.198,88,0.016,0,0,0,0
2023-11,false,72,0,0,2,0,1,1,1,0,0.084,1.789,36,0.108,0,0,0,0
2023-12,false,0,0,0,0,0,0,0,0,0,0,0,0,0,0,0,0,0
2024-01,false,0,0,0,0,0,0,0,0,0,0,0,0,0,0,0,0,0
2024-02,false,0,0,0,0,0,0,0,0,0,0,0,0,0,0,0,0,0
2024-03,false,176,121,132,5,11,0,0,0,0,0.738,0.744,3,0,0,0,0,0
2024-04,false,30,0,0,0,0,0,0,0,0,0.052,0.304,17,0.19,0,0,0,0
2024-05,false,6634,1746,1876,2473,130,4,14,56,10,351.785,336.033,912,4.506,1.537,3.26,18,0.674
2024-06,false,0,0,0,0,0,0,0,0,0,0,0,0,0,0,0,0,0
2024-07,false,174,0,0,7,0,0,0,0,0,16.224,22.072,56,6.196,0,0,0,0
2024-08,false,1251,338,355,533,17,16,17,10,1,2.549,2.432,71,0,0.022,0,2,0
2024-09,false,323,71,91,163,20,2,2,6,0,5.113,5.289,10,0.114,0,0,0,0
2024-10,false,785,129,134,26,5,2,4,4,2,113.424,130.78,263,24.326,0,0,3,0
2024-11,false,3590,2181,2268,624,87,10,11,44,1,1.609,1.949,426,0.318,0,0,0,0
2024-12,false,8,1,1,2,0,0,0,4,0,0,0,0,0,0,0,0,0
2025-01,false,0,0,0,0,0,0,0,0,0,0,0,0,0,0,0,0,0
2025-02,false,1969,629,726,397,97,7,7,27,0,0.114,0.686,540,1.311,0,0,0,0
2025-03,false,360,71,82,99,11,1,2,0,1,0.547,0.627,77,0,0,0,0,0
2025-04,false,395,328,328,21,0,0,0,0,0,-0.002,0,5,0,0,0,0,0
2025-05,false,84,0,0,18,0,1,1,2,0,-1.321,0,43,1.332,0,0,0,0
2025-06,false,2164,328,354,187,26,3,5,14,2,498.078,473.778,519,5.532,-0.068,1.631,5,0
2025-07,false,6531,394,471,896,77,293,309,105,16,57.703,99.233,2468,33.001,66.877,102.176,120,0
2025-08,false,967,134,145,167,11,7,9,18,2,1.781,11.313,283,0.631,29.099,30.964,13,0
2025-09,false,376,50,50,31,0,0,0,4,0,0.193,0.193,1,0,0,0,0,0
2025-10,false,11020,1083,1091,221,8,18,19,59,1,485.92,500.892,2077,27.334,34.322,79.941,129,34.796
2025-11,false,1102,389,389,64,0,7,7,5,0,14.553,15.863,478,1.342,0.152,0.107,13,2.934
2025-12,false,2455,822,839,661,17,8,10,89,2,4.49,4.902,433,0.029,0,0,0,0
2026-01,false,45,32,32,8,0,0,0,0,0,-0.001,0,2,0,0,0,0,0
2026-02,false,0,0,0,0,0,0,0,0,0,0,0,0,0,0,0,0,0
2026-03,false,0,0,0,0,0,0,0,0,0,0,0,0,0,0,0,0,0
2026-04,false,0,0,0,0,0,0,0,0,0,0,0,0,0,0,0,0,0
2026-05,false,0,0,0,0,0,0,0,0,0,0,0,0,0,0,0,0,0
2026-06,false,491,118,118,36,0,8,8,8,0,1.085,1.26,48,0,-0.024,0,2,0
2026-07,false,185,93,93,0,0,2,2,0,0,0.242,0.264,19,0.011,-0.041,0,4,0
2026-08,false,0,0,0,0,0,0,0,0,0,0,0,0,0,0,0,0,0
2026-09,false,63,54,54,8,0,1,1,0,0,0,0,0,0,0,0,0,0
2026-10,true,0,0,0,0,0,0,0,0,0,0,0,0,0,0,0,0,0
